PatientSex,PatientAge,sub_uid,diagnosis,site
F,25.0,606,HC,PKU3
M,28.0,611,HC,PKU3
F,29.0,612,HC,PKU3
M,26.0,613,HC,PKU3
M,27.0,615,HC,PKU3
M,29.0,616,HC,PKU3
F,28.0,617,HC,PKU3
F,24.0,621,HC,PKU3
M,21.0,623,HC,PKU3
M,25.0,624,HC,PKU3
M,28.0,626,HC,PKU3
F,23.0,630,HC,PKU3
M,25.0,632,HC,PKU3
M,30.0,639,HC,PKU3
M,26.0,646,HC,PKU3
F,29.0,648,HC,PKU3
M,23.0,653,HC,PKU3
F,27.0,656,HC,PKU3
F,29.0,657,HC,PKU3
F,37.0,659,HC,PKU3
F,34.0,660,HC,PKU3
M,32.0,664,HC,PKU3
M,20.0,681,HC,PKU3
M,20.0,682,HC,PKU3
F,40.0,683,HC,PKU3
F,23.0,686,HC,PKU3
F,22.0,687,HC,PKU3
F,23.0,692,HC,PKU3
M,21.0,694,HC,PKU3
F,19.0,702,HC,PKU6
F,23.0,716,HC,PKU6
M,28.0,718,HC,PKU6
F,19.0,721,HC,PKU6
M,33.0,723,HC,PKU6
M,19.0,724,HC,PKU6
M,25.0,726,HC,PKU6
F,26.0,735,HC,PKU6
F,26.0,736,HC,PKU6
F,20.0,739,HC,PKU6
M,25.0,740,HC,PKU6
F,26.0,741,HC,PKU6
F,27.0,750,HC,PKU6
M,23.0,752,HC,PKU6
M,22.0,754,HC,PKU6
F,28.0,756,HC,PKU6
F,24.0,757,HC,PKU6
F,19.0,758,HC,PKU6
F,25.0,767,HC,PKU6
M,28.0,769,HC,PKU6
F,26.0,773,HC,PKU6
F,25.0,783,HC,PKU6
M,23.0,784,HC,PKU6
F,23.0,785,HC,PKU6
M,28.0,790,HC,PKU6
F,20.0,794,HC,PKU6
F,22.0,797,HC,PKU6
M,22.0,800,HC,PKU6
F,20.0,804,HC,PKU6
F,22.0,805,HC,PKU6
F,21.0,807,HC,PKU6
F,21.0,808,HC,PKU6
F,24.0,810,HC,PKU6
M,22.0,812,HC,PKU6
M,29.0,816,HC,PKU6
F,18.0,818,HC,PKU6
F,21.0,821,HC,PKU6
F,22.0,824,HC,PKU6
M,20.0,825,HC,PKU6
F,23.0,831,HC,PKU6
F,20.0,832,HC,PKU6
M,24.0,840,HC,PKU6
F,29.0,841,HC,PKU6
M,26.0,844,HC,PKU6
M,20.0,845,HC,PKU6
M,31.0,848,HC,PKU6
M,21.0,854,HC,PKU6
F,22.0,858,HC,PKU6
M,25.0,865,HC,PKU6-CP
M,23.0,867,HC,PKU6-CP
F,24.0,869,HC,PKU6-CP
F,23.0,873,HC,PKU6-CP
M,25.0,874,HC,PKU6-CP
F,23.0,877,HC,PKU6-CP
M,24.0,880,HC,PKU6-CP
F,23.0,886,HC,PKU6-CP
F,22.0,889,HC,PKU6-CP
F,22.0,892,HC,PKU6-CP
M,24.0,893,HC,PKU6-CP
F,24.0,900,HC,PKU6-CP
M,24.0,902,HC,PKU6-CP
F,24.0,905,HC,PKU6-CP
M,21.0,912,HC,PKU6-CP
F,29.0,915,HC,PKU6-CP
M,28.0,916,HC,PKU6-CP
F,26.0,919,HC,PKU6-CP
F,23.0,922,HC,PKU6-CP
F,25.0,925,HC,PKU6-CP
M,26.0,927,HC,PKU6-CP
F,24.0,931,HC,PKU6-CP
F,27.0,933,HC,PKU6-CP
