src_subject_id,interview_age,sex,age_group,age
HCD0714443_V1_MR,67,M,5,5.583333333333333
HCD1658565_V1_MR,68,M,5,5.666666666666667
HCD1546857_V1_MR,73,F,6,6.083333333333333
HCD1529756_V1_MR,76,F,6,6.333333333333333
HCD0980262_V1_MR,77,M,6,6.416666666666667
HCD2635659_V1_MR,79,F,6,6.583333333333333
HCD1734858_V1_MR,81,M,6,6.75
HCD0295954_V1_MR,82,F,6,6.833333333333333
HCD0679770_V1_MR,86,F,7,7.166666666666667
HCD2600034_V1_MR,87,F,7,7.25
HCD2617657_V1_MR,91,M,7,7.583333333333333
HCD0719352_V1_MR,93,F,7,7.75
HCD0921347_V1_MR,94,F,7,7.833333333333333
HCD1857066_V1_MR,94,M,7,7.833333333333333
HCD0949874_V1_MR,95,F,7,7.916666666666667
HCD1945164_V1_MR,95,F,7,7.916666666666667
HCD1798985_V1_MR,95,F,7,7.916666666666667
HCD2855875_V1_MR,97,M,8,8.083333333333334
HCD1906457_V1_MR,97,F,8,8.083333333333334
HCD0383143_V1_MR,97,M,8,8.083333333333334
HCD1411632_V1_MR,97,M,8,8.083333333333334
HCD1010311_V1_MR,98,F,8,8.166666666666666
HCD1159446_V1_MR,99,F,8,8.25
HCD1022722_V1_MR,99,F,8,8.25
HCD2155746_V1_MR,100,F,8,8.333333333333334
HCD0519849_V1_MR,100,M,8,8.333333333333334
HCD1196553_V1_MR,100,M,8,8.333333333333334
HCD2099257_V1_MR,100,F,8,8.333333333333334
HCD2211932_V1_MR,101,F,8,8.416666666666666
HCD2904862_V1_MR,102,M,8,8.5
HCD0605438_V1_MR,102,M,8,8.5
HCD1007423_V1_MR,102,M,8,8.5
HCD2483662_V1_MR,102,F,8,8.5
HCD1294755_V1_MR,102,M,8,8.5
HCD1892371_V1_MR,103,F,8,8.583333333333334
HCD0583555_V1_MR,103,M,8,8.583333333333334
HCD0921145_V1_MR,104,M,8,8.666666666666666
HCD2370952_V1_MR,104,F,8,8.666666666666666
HCD0263032_V1_MR,104,F,8,8.666666666666666
HCD0245636_V1_MR,104,F,8,8.666666666666666
HCD0686666_V1_MR,104,F,8,8.666666666666666
HCD1389665_V1_MR,105,M,8,8.75
HCD0682557_V1_MR,105,M,8,8.75
HCD1209536_V1_MR,105,M,8,8.75
HCD0245030_V1_MR,105,F,8,8.75
HCD2380753_V1_MR,106,F,8,8.833333333333334
HCD0193845_V1_MR,106,F,8,8.833333333333334
HCD2926973_V1_MR,106,F,8,8.833333333333334
HCD0696265_V1_MR,106,M,8,8.833333333333334
HCD0534138_V1_MR,107,F,8,8.916666666666666
HCD2055237_V1_MR,107,F,8,8.916666666666666
HCD1458153_V1_MR,107,M,8,8.916666666666666
HCD1840251_V1_MR,107,F,8,8.916666666666666
HCD0906250_V1_MR,108,F,9,9.0
HCD0259546_V1_MR,108,F,9,9.0
HCD2155645_V1_MR,108,F,9,9.0
HCD0406230_V1_MR,108,F,9,9.0
HCD1306130_V1_MR,109,F,9,9.083333333333334
HCD1108833_V1_MR,109,F,9,9.083333333333334
HCD2333340_V1_MR,109,F,9,9.083333333333334
HCD1262136_V1_MR,109,M,9,9.083333333333334
HCD2115835_V1_MR,109,F,9,9.083333333333334
HCD1123526_V1_MR,109,F,9,9.083333333333334
HCD0678970_V1_MR,110,M,9,9.166666666666666
HCD2978386_V1_MR,110,M,9,9.166666666666666
HCD0021614_V1_MR,110,F,9,9.166666666666666
HCD0520329_V1_MR,110,M,9,9.166666666666666
HCD2743157_V1_MR,110,F,9,9.166666666666666
HCD1293349_V1_MR,111,F,9,9.25
HCD1568867_V1_MR,111,F,9,9.25
HCD0392144_V1_MR,112,F,9,9.333333333333334
HCD2264549_V1_MR,112,F,9,9.333333333333334
HCD0605135_V1_MR,112,F,9,9.333333333333334
HCD0040113_V1_MR,112,M,9,9.333333333333334
HCD2594671_V1_MR,113,M,9,9.416666666666666
HCD0684460_V1_MR,113,F,9,9.416666666666666
HCD1590860_V1_MR,113,M,9,9.416666666666666
HCD0462341_V1_MR,113,F,9,9.416666666666666
HCD2751964_V1_MR,113,F,9,9.416666666666666
HCD2363450_V1_MR,113,F,9,9.416666666666666
HCD0842250_V1_MR,113,F,9,9.416666666666666
HCD0894875_V1_MR,114,F,9,9.5
HCD1231832_V1_MR,114,F,9,9.5
HCD0129937_V1_MR,114,F,9,9.5
HCD0995477_V1_MR,114,M,9,9.5
HCD2229547_V1_MR,115,F,9,9.583333333333334
HCD1514945_V1_MR,115,F,9,9.583333333333334
HCD0536142_V1_MR,116,F,9,9.666666666666666
HCD1103419_V1_MR,116,F,9,9.666666666666666
HCD1129235_V1_MR,116,F,9,9.666666666666666
HCD0796067_V1_MR,116,F,9,9.666666666666666
HCD0902343_V1_MR,116,F,9,9.666666666666666
HCD2344244_V1_MR,116,F,9,9.666666666666666
HCD1518448_V1_MR,117,M,9,9.75
HCD2485666_V1_MR,117,F,9,9.75
HCD0022919_V1_MR,117,F,9,9.75
HCD1845160_V1_MR,117,F,9,9.75
HCD2254243_V1_MR,117,M,9,9.75
HCD1534244_V1_MR,118,F,9,9.833333333333334
HCD2884377_V1_MR,118,F,9,9.833333333333334
HCD1985378_V1_MR,118,M,9,9.833333333333334
HCD2833461_V1_MR,119,F,9,9.916666666666666
HCD2302430_V1_MR,119,F,9,9.916666666666666
HCD0276243_V1_MR,119,M,9,9.916666666666666
HCD2828569_V1_MR,119,F,9,9.916666666666666
HCD0110310_V1_MR,119,F,9,9.916666666666666
HCD0979378_V1_MR,119,F,9,9.916666666666666
HCD2322335_V1_MR,119,M,9,9.916666666666666
HCD2523345_V1_MR,120,F,10,10.0
HCD0288250_V1_MR,120,M,10,10.0
HCD0353538_V1_MR,120,F,10,10.0
HCD1215632_V1_MR,120,M,10,10.0
HCD2655766_V1_MR,120,M,10,10.0
HCD1870159_V1_MR,120,M,10,10.0
HCD1227740_V1_MR,120,M,10,10.0
HCD2236140_V1_MR,121,F,10,10.083333333333334
HCD2240030_V1_MR,121,M,10,10.083333333333334
HCD1328948_V1_MR,121,M,10,10.083333333333334
HCD2164242_V1_MR,121,M,10,10.083333333333334
HCD0858467_V1_MR,121,F,10,10.083333333333334
HCD1119030_V1_MR,121,F,10,10.083333333333334
HCD0664656_V1_MR,122,M,10,10.166666666666666
HCD0869371_V1_MR,122,M,10,10.166666666666666
HCD0147333_V1_MR,123,F,10,10.25
HCD0889579_V1_MR,124,F,10,10.333333333333334
HCD0703943_V1_MR,124,M,10,10.333333333333334
HCD1787677_V1_MR,125,M,10,10.416666666666666
HCD2692671_V1_MR,125,F,10,10.416666666666666
HCD0277447_V1_MR,125,M,10,10.416666666666666
HCD2711649_V1_MR,125,M,10,10.416666666666666
HCD1496767_V1_MR,125,M,10,10.416666666666666
HCD1162334_V1_MR,126,F,10,10.5
HCD0808654_V1_MR,126,F,10,10.5
HCD2786074_V1_MR,126,F,10,10.5
HCD1765970_V1_MR,127,F,10,10.583333333333334
HCD2704551_V1_MR,127,F,10,10.583333333333334
HCD0946868_V1_MR,127,M,10,10.583333333333334
HCD0429343_V1_MR,127,F,10,10.583333333333334
HCD1759571_V1_MR,127,M,10,10.583333333333334
HCD2812352_V1_MR,127,F,10,10.583333333333334
HCD1327744_V1_MR,128,M,10,10.666666666666666
HCD2594772_V1_MR,128,F,10,10.666666666666666
HCD1479262_V1_MR,128,M,10,10.666666666666666
HCD1375755_V1_MR,128,M,10,10.666666666666666
HCD2073340_V1_MR,128,M,10,10.666666666666666
HCD1886275_V1_MR,129,M,10,10.75
HCD1928871_V1_MR,130,F,10,10.833333333333334
HCD1880465_V1_MR,130,F,10,10.833333333333334
HCD0667763_V1_MR,130,F,10,10.833333333333334
HCD0154431_V1_MR,130,M,10,10.833333333333334
HCD1282142_V1_MR,130,M,10,10.833333333333334
HCD0152932_V1_MR,131,F,10,10.916666666666666
HCD1396662_V1_MR,131,M,10,10.916666666666666
HCD2030726_V1_MR,131,M,10,10.916666666666666
HCD0382343_V1_MR,131,M,10,10.916666666666666
HCD2095148_V1_MR,131,F,10,10.916666666666666
HCD2163644_V1_MR,131,M,10,10.916666666666666
HCD1622342_V1_MR,131,F,10,10.916666666666666
HCD0528850_V1_MR,131,M,10,10.916666666666666
HCD2761967_V1_MR,132,F,11,11.0
HCD0551946_V1_MR,132,F,11,11.0
HCD1139541_V1_MR,133,F,11,11.083333333333334
HCD0845458_V1_MR,133,M,11,11.083333333333334
HCD0855562_V1_MR,133,F,11,11.083333333333334
HCD1903350_V1_MR,133,F,11,11.083333333333334
HCD0075435_V1_MR,134,F,11,11.166666666666666
HCD0505838_V1_MR,134,M,11,11.166666666666666
HCD2478669_V1_MR,135,M,11,11.25
HCD2976382_V1_MR,136,M,11,11.333333333333334
HCD1933864_V1_MR,136,M,11,11.333333333333334
HCD0425335_V1_MR,136,M,11,11.333333333333334
HCD2863975_V1_MR,136,F,11,11.333333333333334
HCD2938172_V1_MR,136,F,11,11.333333333333334
HCD0247438_V1_MR,137,M,11,11.416666666666666
HCD0904650_V1_MR,138,M,11,11.5
HCD2383456_V1_MR,138,F,11,11.5
HCD0476352_V1_MR,138,M,11,11.5
HCD1113220_V1_MR,139,M,11,11.583333333333334
HCD0161327_V1_MR,140,F,11,11.666666666666666
HCD0758867_V1_MR,140,F,11,11.666666666666666
HCD0197348_V1_MR,140,M,11,11.666666666666666
HCD2300426_V1_MR,140,F,11,11.666666666666666
HCD0997380_V1_MR,140,M,11,11.666666666666666
HCD1358149_V1_MR,141,F,11,11.75
HCD0135831_V1_MR,141,M,11,11.75
HCD1491252_V1_MR,141,F,11,11.75
HCD0798273_V1_MR,141,F,11,11.75
HCD1647863_V1_MR,141,F,11,11.75
HCD1581455_V1_MR,142,M,11,11.833333333333334
HCD0185644_V1_MR,142,M,11,11.833333333333334
HCD0001305_V1_MR,143,M,11,11.916666666666666
HCD2795479_V1_MR,143,F,11,11.916666666666666
HCD0848969_V1_MR,143,F,11,11.916666666666666
HCD1267348_V1_MR,144,M,12,12.0
HCD2342745_V1_MR,144,F,12,12.0
HCD0772255_V1_MR,144,F,12,12.0
HCD2945876_V1_MR,144,M,12,12.0
HCD2156344_V1_MR,144,M,12,12.0
HCD0988682_V1_MR,145,F,12,12.083333333333334
HCD1646154_V1_MR,145,M,12,12.083333333333334
HCD2769983_V1_MR,145,M,12,12.083333333333334
HCD0891566_V1_MR,145,M,12,12.083333333333334
HCD2685169_V1_MR,146,F,12,12.166666666666666
HCD0295146_V1_MR,146,M,12,12.166666666666666
HCD0960155_V1_MR,146,M,12,12.166666666666666
HCD1723651_V1_MR,146,F,12,12.166666666666666
HCD0786771_V1_MR,146,M,12,12.166666666666666
HCD0111716_V1_MR,147,F,12,12.25
HCD1387055_V1_MR,147,M,12,12.25
HCD1350638_V1_MR,147,F,12,12.25
HCD1029837_V1_MR,147,M,12,12.25
HCD1203928_V1_MR,147,M,12,12.25
HCD2311633_V1_MR,147,F,12,12.25
HCD0529751_V1_MR,147,F,12,12.25
HCD1187653_V1_MR,148,F,12,12.333333333333334
HCD2146139_V1_MR,148,F,12,12.333333333333334
HCD2748268_V1_MR,148,M,12,12.333333333333334
HCD1315737_V1_MR,148,F,12,12.333333333333334
HCD1594767_V1_MR,149,F,12,12.416666666666666
HCD0933051_V1_MR,149,F,12,12.416666666666666
HCD1600332_V1_MR,150,M,12,12.5
HCD1749467_V1_MR,151,F,12,12.583333333333334
HCD2008329_V1_MR,151,F,12,12.583333333333334
HCD0947365_V1_MR,152,M,12,12.666666666666666
HCD1223934_V1_MR,152,M,12,12.666666666666666
HCD2001517_V1_MR,152,M,12,12.666666666666666
HCD2133433_V1_MR,152,F,12,12.666666666666666
HCD2543250_V1_MR,153,M,12,12.75
HCD1400728_V1_MR,153,M,12,12.75
HCD1694569_V1_MR,153,F,12,12.75
HCD1433743_V1_MR,154,M,12,12.833333333333334
HCD0925759_V1_MR,154,F,12,12.833333333333334
HCD1886881_V1_MR,154,M,12,12.833333333333334
HCD2669575_V1_MR,155,F,12,12.916666666666666
HCD1948170_V1_MR,155,F,12,12.916666666666666
HCD1479969_V1_MR,155,M,12,12.916666666666666
HCD1289358_V1_MR,156,F,13,13.0
HCD0146331_V1_MR,156,F,13,13.0
HCD2643052_V1_MR,156,F,13,13.0
HCD1553551_V1_MR,156,F,13,13.0
HCD2633554_V1_MR,156,M,13,13.0
HCD1071836_V1_MR,156,F,13,13.0
HCD0621638_V1_MR,156,F,13,13.0
HCD2879788_V1_MR,156,M,13,13.0
HCD0951861_V1_MR,156,F,13,13.0
HCD0555146_V1_MR,157,M,13,13.083333333333334
HCD0772760_V1_MR,157,F,13,13.083333333333334
HCD1785572_V1_MR,157,F,13,13.083333333333334
HCD2035837_V1_MR,157,F,13,13.083333333333334
HCD2936875_V1_MR,157,F,13,13.083333333333334
HCD0777265_V1_MR,157,F,13,13.083333333333334
HCD2062537_V1_MR,157,M,13,13.083333333333334
HCD1617450_V1_MR,158,F,13,13.166666666666666
HCD1685164_V1_MR,158,F,13,13.166666666666666
HCD0801539_V1_MR,158,M,13,13.166666666666666
HCD1610436_V1_MR,158,F,13,13.166666666666666
HCD1410933_V1_MR,159,M,13,13.25
HCD0059235_V1_MR,160,F,13,13.333333333333334
HCD2721147_V1_MR,160,F,13,13.333333333333334
HCD2304737_V1_MR,160,F,13,13.333333333333334
HCD0134526_V1_MR,160,F,13,13.333333333333334
HCD0969072_V1_MR,160,F,13,13.333333333333334
HCD1946469_V1_MR,160,M,13,13.333333333333334
HCD0338744_V1_MR,161,F,13,13.416666666666666
HCD2220428_V1_MR,161,F,13,13.416666666666666
HCD0576558_V1_MR,162,F,13,13.5
HCD0183438_V1_MR,162,F,13,13.5
HCD0571649_V1_MR,162,F,13,13.5
HCD1346849_V1_MR,162,F,13,13.5
HCD2140026_V1_MR,163,F,13,13.583333333333334
HCD2990073_V1_MR,163,F,13,13.583333333333334
HCD0977576_V1_MR,163,F,13,13.583333333333334
HCD0581652_V1_MR,163,F,13,13.583333333333334
HCD1812044_V1_MR,163,F,13,13.583333333333334
HCD2631954_V1_MR,164,M,13,13.666666666666666
HCD2301428_V1_MR,164,F,13,13.666666666666666
HCD0123925_V1_MR,164,F,13,13.666666666666666
HCD0797877_V1_MR,164,F,13,13.666666666666666
HCD1612238_V1_MR,164,F,13,13.666666666666666
HCD2811552_V1_MR,164,M,13,13.666666666666666
HCD0124725_V1_MR,164,M,13,13.666666666666666
HCD2491257_V1_MR,165,F,13,13.75
HCD0232223_V1_MR,165,F,13,13.75
HCD1742958_V1_MR,165,F,13,13.75
HCD1756060_V1_MR,165,F,13,13.75
HCD1852056_V1_MR,165,F,13,13.75
HCD0224123_V1_MR,165,F,13,13.75
HCD1856468_V1_MR,165,F,13,13.75
HCD1791163_V1_MR,165,M,13,13.75
HCD0551239_V1_MR,165,F,13,13.75
HCD0121719_V1_MR,165,F,13,13.75
HCD0393550_V1_MR,166,M,13,13.833333333333334
HCD1664762_V1_MR,166,M,13,13.833333333333334
HCD0750649_V1_MR,166,F,13,13.833333333333334
HCD0641341_V1_MR,166,M,13,13.833333333333334
HCD2878382_V1_MR,166,F,13,13.833333333333334
HCD0118528_V1_MR,166,F,13,13.833333333333334
HCD2504038_V1_MR,166,F,13,13.833333333333334
HCD1626653_V1_MR,167,F,13,13.916666666666666
HCD2540648_V1_MR,167,F,13,13.916666666666666
HCD1361441_V1_MR,167,F,13,13.916666666666666
HCD0478356_V1_MR,167,F,13,13.916666666666666
HCD1240530_V1_MR,167,F,13,13.916666666666666
HCD0616342_V1_MR,167,F,13,13.916666666666666
HCD0146937_V1_MR,167,F,13,13.916666666666666
HCD1106728_V1_MR,168,M,14,14.0
HCD1120015_V1_MR,168,M,14,14.0
HCD1039032_V1_MR,168,M,14,14.0
HCD0802440_V1_MR,168,M,14,14.0
HCD2068145_V1_MR,168,M,14,14.0
HCD2239247_V1_MR,168,M,14,14.0
HCD1328241_V1_MR,168,M,14,14.0
HCD2378463_V1_MR,168,M,14,14.0
HCD0143426_V1_MR,168,F,14,14.0
HCD2804151_V1_MR,169,M,14,14.083333333333334
HCD2832863_V1_MR,169,M,14,14.083333333333334
HCD1578365_V1_MR,169,M,14,14.083333333333334
HCD0717954_V1_MR,169,F,14,14.083333333333334
HCD1411935_V1_MR,169,F,14,14.083333333333334
HCD2568670_V1_MR,170,M,14,14.166666666666666
HCD1221627_V1_MR,170,M,14,14.166666666666666
HCD1305936_V1_MR,170,M,14,14.166666666666666
HCD0214423_V1_MR,170,M,14,14.166666666666666
HCD0130821_V1_MR,170,M,14,14.166666666666666
HCD2731049_V1_MR,171,M,14,14.25
HCD1842558_V1_MR,172,F,14,14.333333333333334
HCD1930353_V1_MR,172,M,14,14.333333333333334
HCD1477056_V1_MR,172,M,14,14.333333333333334
HCD1435646_V1_MR,172,M,14,14.333333333333334
HCD2335344_V1_MR,172,M,14,14.333333333333334
HCD2757370_V1_MR,172,M,14,14.333333333333334
HCD1404231_V1_MR,173,F,14,14.416666666666666
HCD0956871_V1_MR,174,M,14,14.5
HCD1464451_V1_MR,174,M,14,14.5
HCD2768981_V1_MR,174,M,14,14.5
HCD0914956_V1_MR,174,M,14,14.5
HCD1227134_V1_MR,174,M,14,14.5
HCD2884175_V1_MR,175,F,14,14.583333333333334
HCD1239343_V1_MR,175,F,14,14.583333333333334
HCD2987185_V1_MR,175,M,14,14.583333333333334
HCD1900142_V1_MR,175,M,14,14.583333333333334
HCD2581763_V1_MR,175,M,14,14.583333333333334
HCD2905460_V1_MR,175,M,14,14.583333333333334
HCD0069238_V1_MR,176,M,14,14.666666666666666
HCD0498968_V1_MR,176,M,14,14.666666666666666
HCD2754061_V1_MR,176,M,14,14.666666666666666
HCD2400026_V1_MR,176,F,14,14.666666666666666
HCD0643345_V1_MR,177,M,14,14.75
HCD1630139_V1_MR,177,M,14,14.75
HCD2740454_V1_MR,177,M,14,14.75
HCD0394754_V1_MR,177,M,14,14.75
HCD2897184_V1_MR,177,M,14,14.75
HCD1380849_V1_MR,177,M,14,14.75
HCD0330021_V1_MR,177,M,14,14.75
HCD1017729_V1_MR,178,M,14,14.833333333333334
HCD2751560_V1_MR,178,F,14,14.833333333333334
HCD1886477_V1_MR,178,F,14,14.833333333333334
HCD2968080_V1_MR,178,M,14,14.833333333333334
HCD1658969_V1_MR,178,M,14,14.833333333333334
HCD0526644_V1_MR,178,M,14,14.833333333333334
HCD1277149_V1_MR,178,M,14,14.833333333333334
HCD2714655_V1_MR,178,M,14,14.833333333333334
HCD1880162_V1_MR,179,M,14,14.916666666666666
HCD2046943_V1_MR,179,F,14,14.916666666666666
HCD2856170_V1_MR,179,F,14,14.916666666666666
HCD2741961_V1_MR,179,M,14,14.916666666666666
HCD1371848_V1_MR,179,M,14,14.916666666666666
HCD2223131_V1_MR,179,M,14,14.916666666666666
HCD1464653_V1_MR,179,F,14,14.916666666666666
HCD1863465_V1_MR,179,M,14,14.916666666666666
HCD0114419_V1_MR,180,F,15,15.0
HCD0541539_V1_MR,180,F,15,15.0
HCD1807051_V1_MR,180,F,15,15.0
HCD0174235_V1_MR,181,M,15,15.083333333333334
HCD0110411_V1_MR,181,F,15,15.083333333333334
HCD2715152_V1_MR,182,F,15,15.166666666666666
HCD2462654_V1_MR,182,M,15,15.166666666666666
HCD2156142_V1_MR,182,F,15,15.166666666666666
HCD0026119_V1_MR,182,F,15,15.166666666666666
HCD1976377_V1_MR,183,F,15,15.25
HCD1957171_V1_MR,183,F,15,15.25
HCD1445245_V1_MR,183,M,15,15.25
HCD2256651_V1_MR,183,F,15,15.25
HCD2932665_V1_MR,183,M,15,15.25
HCD2000111_V1_MR,183,M,15,15.25
HCD0627549_V1_MR,183,M,15,15.25
HCD2748672_V1_MR,183,F,15,15.25
HCD1205326_V1_MR,184,M,15,15.333333333333334
HCD1181843_V1_MR,184,M,15,15.333333333333334
HCD2181848_V1_MR,184,M,15,15.333333333333334
HCD2286155_V1_MR,184,F,15,15.333333333333334
HCD2618053_V1_MR,184,M,15,15.333333333333334
HCD2109234_V1_MR,185,F,15,15.416666666666666
HCD1905152_V1_MR,185,M,15,15.416666666666666
HCD1950056_V1_MR,185,M,15,15.416666666666666
HCD2449763_V1_MR,186,M,15,15.5
HCD0515538_V1_MR,186,F,15,15.5
HCD2524751_V1_MR,186,M,15,15.5
HCD1783366_V1_MR,187,F,15,15.583333333333334
HCD0504735_V1_MR,187,M,15,15.583333333333334
HCD0185442_V1_MR,187,M,15,15.583333333333334
HCD0822850_V1_MR,188,F,15,15.666666666666666
HCD1093139_V1_MR,188,F,15,15.666666666666666
HCD0514738_V1_MR,188,F,15,15.666666666666666
HCD0848060_V1_MR,189,M,15,15.75
HCD2400632_V1_MR,189,M,15,15.75
HCD1111822_V1_MR,190,F,15,15.833333333333334
HCD0743955_V1_MR,190,M,15,15.833333333333334
HCD1992375_V1_MR,190,F,15,15.833333333333334
HCD0577661_V1_MR,190,M,15,15.833333333333334
HCD1042223_V1_MR,190,F,15,15.833333333333334
HCD2063034_V1_MR,191,F,15,15.916666666666666
HCD2140127_V1_MR,191,M,15,15.916666666666666
HCD1363546_V1_MR,191,M,15,15.916666666666666
HCD0119429_V1_MR,191,M,15,15.916666666666666
HCD0008117_V1_MR,192,F,16,16.0
HCD0662955_V1_MR,192,F,16,16.0
HCD2762565_V1_MR,192,M,16,16.0
HCD0267747_V1_MR,192,M,16,16.0
HCD1714852_V1_MR,192,F,16,16.0
HCD2554255_V1_MR,192,F,16,16.0
HCD1490048_V1_MR,193,M,16,16.083333333333332
HCD2737869_V1_MR,194,F,16,16.166666666666668
HCD0311118_V1_MR,194,F,16,16.166666666666668
HCD2993079_V1_MR,194,F,16,16.166666666666668
HCD1978987_V1_MR,194,F,16,16.166666666666668
HCD1504437_V1_MR,194,F,16,16.166666666666668
HCD2939275_V1_MR,195,F,16,16.25
HCD1794977_V1_MR,195,M,16,16.25
HCD0471746_V1_MR,196,F,16,16.333333333333332
HCD1729562_V1_MR,196,M,16,16.333333333333332
HCD0298758_V1_MR,196,F,16,16.333333333333332
HCD2216437_V1_MR,196,F,16,16.333333333333332
HCD2901654_V1_MR,196,M,16,16.333333333333332
HCD1681257_V1_MR,197,F,16,16.416666666666668
HCD2109638_V1_MR,197,M,16,16.416666666666668
HCD1964269_V1_MR,197,M,16,16.416666666666668
HCD2174649_V1_MR,197,F,16,16.416666666666668
HCD1872971_V1_MR,198,F,16,16.5
HCD1522338_V1_MR,198,F,16,16.5
HCD2046842_V1_MR,198,M,16,16.5
HCD0128935_V1_MR,198,F,16,16.5
HCD1983879_V1_MR,199,M,16,16.583333333333332
HCD2930055_V1_MR,199,F,16,16.583333333333332
HCD0182941_V1_MR,199,F,16,16.583333333333332
HCD1946873_V1_MR,200,M,16,16.666666666666668
HCD1986784_V1_MR,200,M,16,16.666666666666668
HCD0392649_V1_MR,201,M,16,16.75
HCD2606652_V1_MR,201,M,16,16.75
HCD0294245_V1_MR,202,F,16,16.833333333333332
HCD0628854_V1_MR,202,M,16,16.833333333333332
HCD1010412_V1_MR,202,F,16,16.833333333333332
HCD2807460_V1_MR,202,M,16,16.833333333333332
HCD2428755_V1_MR,202,F,16,16.833333333333332
HCD0469658_V1_MR,202,M,16,16.833333333333332
HCD0360838_V1_MR,203,M,16,16.916666666666668
HCD0812241_V1_MR,203,M,16,16.916666666666668
HCD2785678_V1_MR,203,F,16,16.916666666666668
HCD1527045_V1_MR,203,F,16,16.916666666666668
HCD1871969_V1_MR,203,F,16,16.916666666666668
HCD1881164_V1_MR,203,F,16,16.916666666666668
HCD1801140_V1_MR,204,M,17,17.0
HCD0784060_V1_MR,204,F,17,17.0
HCD0236635_V1_MR,205,M,17,17.083333333333332
HCD0403224_V1_MR,205,F,17,17.083333333333332
HCD0370639_V1_MR,205,F,17,17.083333333333332
HCD0461844_V1_MR,205,M,17,17.083333333333332
HCD2496570_V1_MR,206,M,17,17.166666666666668
HCD1994884_V1_MR,207,F,17,17.25
HCD1855365_V1_MR,207,F,17,17.25
HCD0248440_V1_MR,208,M,17,17.333333333333332
HCD0498261_V1_MR,208,M,17,17.333333333333332
HCD0644044_V1_MR,208,F,17,17.333333333333332
HCD2957277_V1_MR,209,F,17,17.416666666666668
HCD0041822_V1_MR,209,M,17,17.416666666666668
HCD0789272_V1_MR,209,F,17,17.416666666666668
HCD0225630_V1_MR,209,M,17,17.416666666666668
HCD0215829_V1_MR,210,M,17,17.5
HCD1686267_V1_MR,211,M,17,17.583333333333332
HCD0236130_V1_MR,212,M,17,17.666666666666668
HCD1762661_V1_MR,212,F,17,17.666666666666668
HCD1456048_V1_MR,212,F,17,17.666666666666668
HCD1612844_V1_MR,212,F,17,17.666666666666668
HCD0810035_V1_MR,212,M,17,17.666666666666668
HCD2500030_V1_MR,212,F,17,17.666666666666668
HCD1757062_V1_MR,213,M,17,17.75
HCD1017931_V1_MR,213,M,17,17.75
HCD2810954_V1_MR,213,F,17,17.75
HCD0486254_V1_MR,213,F,17,17.75
HCD0125424_V1_MR,213,M,17,17.75
HCD2207840_V1_MR,214,F,17,17.833333333333332
HCD1633751_V1_MR,214,F,17,17.833333333333332
